286,nlubold   ,7/5/2017 17:07,1,1,2,1,1,no answer,I'm not sure what to do here on STEP TWO.,C:\Nikki\ASU_Research\NRI_Project\System\Nico_V1\Nico\data\transcripts\nlubold_nicoresponse-2017-07-05_05-07-20-PM.txt
287,nlubold   ,7/5/2017 17:07,1,1,2,1,1,no answer,You are so smart. So we divide twenty by four?,C:\Nikki\ASU_Research\NRI_Project\System\Nico_V1\Nico\data\transcripts\nlubold_nicoresponse-2017-07-05_05-07-34-PM.txt
288,nlubold   ,7/5/2017 17:08,1,1,2,1,1,no answer,Oh ok,C:\Nikki\ASU_Research\NRI_Project\System\Nico_V1\Nico\data\transcripts\nlubold_nicoresponse-2017-07-05_05-08-15-PM.txt
289,nlubold   ,7/5/2017 17:08,1,1,2,1,1,no answer,Right ok,C:\Nikki\ASU_Research\NRI_Project\System\Nico_V1\Nico\data\transcripts\nlubold_nicoresponse-2017-07-05_05-08-22-PM.txt
290,nlubold   ,7/5/2017 17:08,1,1,2,1,1,confirming answer,The answer is fifteen for step one?,C:\Nikki\ASU_Research\NRI_Project\System\Nico_V1\Nico\data\transcripts\nlubold_nicoresponse-2017-07-05_05-08-27-PM.txt
291,nlubold   ,7/5/2017 17:08,1,1,2,1,1,answering,I suppose I get it,C:\Nikki\ASU_Research\NRI_Project\System\Nico_V1\Nico\data\transcripts\nlubold_nicoresponse-2017-07-05_05-08-37-PM.txt
293,nlubold   ,7/5/2017 17:10,1,1,1,1,1,no answer,Right ok,C:\Nikki\ASU_Research\NRI_Project\System\Nico_V1\Nico\data\transcripts\nlubold_nicoresponse-2017-07-05_05-10-00-PM.txt
294,nlubold   ,7/5/2017 17:10,1,1,1,1,1,no answer,Oh ok,C:\Nikki\ASU_Research\NRI_Project\System\Nico_V1\Nico\data\transcripts\nlubold_nicoresponse-2017-07-05_05-10-13-PM.txt
295,nlubold   ,7/5/2017 17:11,1,1,1,1,1,no answer,"To be honest, I have no idea what you said",C:\Nikki\ASU_Research\NRI_Project\System\Nico_V1\Nico\data\transcripts\nlubold_nicoresponse-2017-07-05_05-10-59-PM.txt
296,nlubold   ,7/5/2017 17:14,1,1,1,1,1,no answer,Say that one more time?,C:\Nikki\ASU_Research\NRI_Project\System\Nico_V1\Nico\data\transcripts\nlubold_nicoresponse-2017-07-05_05-14-07-PM.txt
297,nlubold   ,7/5/2017 17:15,1,1,1,1,1,no answer,Right ok,C:\Nikki\ASU_Research\NRI_Project\System\Nico_V1\Nico\data\transcripts\nlubold_nicoresponse-2017-07-05_05-15-03-PM.txt
298,nlubold   ,7/5/2017 17:15,1,1,1,1,1,no answer,Can you say that again please?,C:\Nikki\ASU_Research\NRI_Project\System\Nico_V1\Nico\data\transcripts\nlubold_nicoresponse-2017-07-05_05-15-14-PM.txt
299,nlubold   ,7/5/2017 17:15,1,1,1,1,1,no answer,"Oh ok, got it that time",C:\Nikki\ASU_Research\NRI_Project\System\Nico_V1\Nico\data\transcripts\nlubold_nicoresponse-2017-07-05_05-15-23-PM.txt
300,nlubold   ,7/5/2017 17:15,1,1,1,1,1,confirming answer,Is nine the answer?,C:\Nikki\ASU_Research\NRI_Project\System\Nico_V1\Nico\data\transcripts\nlubold_nicoresponse-2017-07-05_05-15-30-PM.txt
301,nlubold   ,7/5/2017 17:15,1,1,1,1,1,answering,Is nine the answer?,C:\Nikki\ASU_Research\NRI_Project\System\Nico_V1\Nico\data\transcripts\nlubold_nicoresponse-2017-07-05_05-15-36-PM.txt
302,nlubold   ,7/5/2017 17:15,1,1,1,1,33,no answer,That makes sense,C:\Nikki\ASU_Research\NRI_Project\System\Nico_V1\Nico\data\transcripts\nlubold_nicoresponse-2017-07-05_05-15-58-PM.txt
304,nlubold   ,7/5/2017 17:18,1,1,1,1,1,no answer,I think I get it. So we divide twelve by four?,C:\Nikki\ASU_Research\NRI_Project\System\Nico_V1\Nico\data\transcripts\nlubold_nicoresponse-2017-07-05_05-18-38-PM.txt
305,nlubold   ,7/5/2017 17:18,1,1,1,1,1,no answer,Right ok,C:\Nikki\ASU_Research\NRI_Project\System\Nico_V1\Nico\data\transcripts\nlubold_nicoresponse-2017-07-05_05-18-49-PM.txt
306,nlubold   ,7/5/2017 17:18,1,1,1,1,1,no answer,Can you say that again please?,C:\Nikki\ASU_Research\NRI_Project\System\Nico_V1\Nico\data\transcripts\nlubold_nicoresponse-2017-07-05_05-18-55-PM.txt
307,nlubold   ,7/5/2017 17:18,1,1,1,1,1,no answer,"Oh ok, got it that time",C:\Nikki\ASU_Research\NRI_Project\System\Nico_V1\Nico\data\transcripts\nlubold_nicoresponse-2017-07-05_05-18-58-PM.txt
308,nlubold   ,7/5/2017 17:19,1,1,1,1,1,confirming answer,Is nine the answer?,C:\Nikki\ASU_Research\NRI_Project\System\Nico_V1\Nico\data\transcripts\nlubold_nicoresponse-2017-07-05_05-19-04-PM.txt
309,nlubold   ,7/5/2017 17:19,1,1,1,1,1,answering,Is nine the answer?,C:\Nikki\ASU_Research\NRI_Project\System\Nico_V1\Nico\data\transcripts\nlubold_nicoresponse-2017-07-05_05-19-09-PM.txt
310,nlubold   ,7/5/2017 17:19,1,1,1,1,33,no answer,I suppose I get it,C:\Nikki\ASU_Research\NRI_Project\System\Nico_V1\Nico\data\transcripts\nlubold_nicoresponse-2017-07-05_05-19-16-PM.txt
311,nlubold   ,7/5/2017 17:19,1,1,2,1,1,no answer,Can you give me a hint for STEP TWO?,C:\Nikki\ASU_Research\NRI_Project\System\Nico_V1\Nico\data\transcripts\nlubold_nicoresponse-2017-07-05_05-19-26-PM.txt
312,nlubold   ,7/5/2017 17:19,1,1,2,1,1,no answer,You are so smart. So we divide twenty by four?,C:\Nikki\ASU_Research\NRI_Project\System\Nico_V1\Nico\data\transcripts\nlubold_nicoresponse-2017-07-05_05-19-37-PM.txt
313,nlubold   ,7/5/2017 17:19,1,1,2,1,1,no answer,Right ok,C:\Nikki\ASU_Research\NRI_Project\System\Nico_V1\Nico\data\transcripts\nlubold_nicoresponse-2017-07-05_05-19-47-PM.txt
314,nlubold   ,7/5/2017 17:19,1,1,2,1,1,no answer,Oh ok,C:\Nikki\ASU_Research\NRI_Project\System\Nico_V1\Nico\data\transcripts\nlubold_nicoresponse-2017-07-05_05-19-53-PM.txt
315,nlubold   ,7/5/2017 17:19,1,1,2,1,1,no answer,I suppose I get it,C:\Nikki\ASU_Research\NRI_Project\System\Nico_V1\Nico\data\transcripts\nlubold_nicoresponse-2017-07-05_05-19-55-PM.txt
316,nlubold   ,7/5/2017 17:20,1,1,2,1,1,confirming answer,The answer is fifteen for step one?,C:\Nikki\ASU_Research\NRI_Project\System\Nico_V1\Nico\data\transcripts\nlubold_nicoresponse-2017-07-05_05-20-02-PM.txt
317,nlubold   ,7/5/2017 17:20,1,1,2,1,1,answering,I suppose I get it,C:\Nikki\ASU_Research\NRI_Project\System\Nico_V1\Nico\data\transcripts\nlubold_nicoresponse-2017-07-05_05-20-08-PM.txt
319,nlubold   ,7/5/2017 17:25,1,1,1,1,1,no answer,I think I get it. So we divide twelve by four?,C:\Nikki\ASU_Research\NRI_Project\System\Nico_V1\Nico\data\transcripts\nlubold_nicoresponse-2017-07-05_05-25-32-PM.txt
321,nlubold   ,7/5/2017 17:26,1,1,1,1,1,no answer,I think I get it. So we divide twelve by four?,C:\Nikki\ASU_Research\NRI_Project\System\Nico_V1\Nico\data\transcripts\nlubold_nicoresponse-2017-07-05_05-26-55-PM.txt
322,nlubold   ,7/5/2017 17:27,1,1,1,1,1,no answer,Do we multiply by three?,C:\Nikki\ASU_Research\NRI_Project\System\Nico_V1\Nico\data\transcripts\nlubold_nicoresponse-2017-07-05_05-27-08-PM.txt
323,nlubold   ,7/5/2017 17:27,1,1,1,1,1,no answer,I suppose I get it,C:\Nikki\ASU_Research\NRI_Project\System\Nico_V1\Nico\data\transcripts\nlubold_nicoresponse-2017-07-05_05-27-15-PM.txt
324,nlubold   ,7/5/2017 17:27,1,1,1,1,1,confirming answer,Is nine the answer?,C:\Nikki\ASU_Research\NRI_Project\System\Nico_V1\Nico\data\transcripts\nlubold_nicoresponse-2017-07-05_05-27-20-PM.txt
325,nlubold   ,7/5/2017 17:27,1,1,1,1,1,answering,I suppose I get it,C:\Nikki\ASU_Research\NRI_Project\System\Nico_V1\Nico\data\transcripts\nlubold_nicoresponse-2017-07-05_05-27-26-PM.txt
326,nlubold   ,7/5/2017 17:27,1,1,2,1,33,no answer,I'm really not sure what to do on STEP TWO.,C:\Nikki\ASU_Research\NRI_Project\System\Nico_V1\Nico\data\transcripts\nlubold_nicoresponse-2017-07-05_05-27-31-PM.txt
327,nlubold   ,7/5/2017 17:27,1,1,2,1,33,no answer,You are so smart. So we divide twenty by four?,C:\Nikki\ASU_Research\NRI_Project\System\Nico_V1\Nico\data\transcripts\nlubold_nicoresponse-2017-07-05_05-27-42-PM.txt
328,nlubold   ,7/5/2017 17:27,1,1,2,1,33,no answer,That makes sense,C:\Nikki\ASU_Research\NRI_Project\System\Nico_V1\Nico\data\transcripts\nlubold_nicoresponse-2017-07-05_05-27-51-PM.txt
329,nlubold   ,7/5/2017 17:27,1,1,2,1,33,no answer,That makes sense,C:\Nikki\ASU_Research\NRI_Project\System\Nico_V1\Nico\data\transcripts\nlubold_nicoresponse-2017-07-05_05-27-56-PM.txt
330,nlubold   ,7/5/2017 17:28,1,1,2,1,33,no answer,Can you say that again please?,C:\Nikki\ASU_Research\NRI_Project\System\Nico_V1\Nico\data\transcripts\nlubold_nicoresponse-2017-07-05_05-28-08-PM.txt
331,nlubold   ,7/5/2017 17:28,1,1,2,1,33,no answer,"Oh ok, got it that time",C:\Nikki\ASU_Research\NRI_Project\System\Nico_V1\Nico\data\transcripts\nlubold_nicoresponse-2017-07-05_05-28-28-PM.txt
332,nlubold   ,7/5/2017 17:28,1,1,2,1,33,no answer,What do we multiply the three by this time?,C:\Nikki\ASU_Research\NRI_Project\System\Nico_V1\Nico\data\transcripts\nlubold_nicoresponse-2017-07-05_05-28-36-PM.txt
333,nlubold   ,7/5/2017 17:28,1,1,2,1,33,no answer,"Oh right, so like last time. We multiply! What do we multiply?",C:\Nikki\ASU_Research\NRI_Project\System\Nico_V1\Nico\data\transcripts\nlubold_nicoresponse-2017-07-05_05-28-43-PM.txt
334,nlubold   ,7/5/2017 17:28,1,1,2,1,33,no answer,Say that one more time?,C:\Nikki\ASU_Research\NRI_Project\System\Nico_V1\Nico\data\transcripts\nlubold_nicoresponse-2017-07-05_05-28-52-PM.txt
335,nlubold   ,7/5/2017 17:29,1,1,2,1,33,confirming answer,The answer is fifteen for step one?,C:\Nikki\ASU_Research\NRI_Project\System\Nico_V1\Nico\data\transcripts\nlubold_nicoresponse-2017-07-05_05-29-01-PM.txt
336,nlubold   ,7/5/2017 17:29,1,1,2,1,33,answering,Alright I'm going to put the answer in as fifteen.,C:\Nikki\ASU_Research\NRI_Project\System\Nico_V1\Nico\data\transcripts\nlubold_nicoresponse-2017-07-05_05-29-07-PM.txt
337,nlubold   ,7/5/2017 17:29,1,1,2,1,49,no answer,Can you say that again please?,C:\Nikki\ASU_Research\NRI_Project\System\Nico_V1\Nico\data\transcripts\nlubold_nicoresponse-2017-07-05_05-29-15-PM.txt
338,nlubold   ,7/5/2017 17:29,1,1,2,1,33,no answer,Thank you!,C:\Nikki\ASU_Research\NRI_Project\System\Nico_V1\Nico\data\transcripts\nlubold_nicoresponse-2017-07-05_05-29-21-PM.txt
340,nlubold   ,7/5/2017 17:32,1,1,1,1,1,no answer,I think I get it. So we divide twelve by four?,C:\Nikki\ASU_Research\NRI_Project\System\Nico_V1\Nico\data\transcripts\nlubold_nicoresponse-2017-07-05_05-32-49-PM.txt
341,nlubold   ,7/5/2017 17:32,1,1,1,1,1,no answer,Oh ok,C:\Nikki\ASU_Research\NRI_Project\System\Nico_V1\Nico\data\transcripts\nlubold_nicoresponse-2017-07-05_05-32-58-PM.txt
342,nlubold   ,7/5/2017 17:33,1,1,1,1,1,no answer,"To be honest, I have no idea what you said",C:\Nikki\ASU_Research\NRI_Project\System\Nico_V1\Nico\data\transcripts\nlubold_nicoresponse-2017-07-05_05-33-00-PM.txt
343,nlubold   ,7/5/2017 17:33,1,1,1,1,1,no answer,Oh ok,C:\Nikki\ASU_Research\NRI_Project\System\Nico_V1\Nico\data\transcripts\nlubold_nicoresponse-2017-07-05_05-33-08-PM.txt
344,nlubold   ,7/5/2017 17:33,1,1,1,1,1,no answer,I suppose I get it,C:\Nikki\ASU_Research\NRI_Project\System\Nico_V1\Nico\data\transcripts\nlubold_nicoresponse-2017-07-05_05-33-10-PM.txt
345,nlubold   ,7/5/2017 17:33,1,1,1,1,1,confirming answer,Is nine the answer?,C:\Nikki\ASU_Research\NRI_Project\System\Nico_V1\Nico\data\transcripts\nlubold_nicoresponse-2017-07-05_05-33-16-PM.txt
346,nlubold   ,7/5/2017 17:33,1,1,1,1,1,answering,Oh ok,C:\Nikki\ASU_Research\NRI_Project\System\Nico_V1\Nico\data\transcripts\nlubold_nicoresponse-2017-07-05_05-33-21-PM.txt
347,nlubold   ,7/5/2017 17:33,1,1,2,1,33,no answer,I'm not sure what to do here on STEP TWO.,C:\Nikki\ASU_Research\NRI_Project\System\Nico_V1\Nico\data\transcripts\nlubold_nicoresponse-2017-07-05_05-33-26-PM.txt
348,nlubold   ,7/5/2017 17:33,1,1,2,1,33,no answer,You are so smart. So we divide twenty by four?,C:\Nikki\ASU_Research\NRI_Project\System\Nico_V1\Nico\data\transcripts\nlubold_nicoresponse-2017-07-05_05-33-36-PM.txt
349,nlubold   ,7/5/2017 17:33,1,1,2,1,33,no answer,Oh ok,C:\Nikki\ASU_Research\NRI_Project\System\Nico_V1\Nico\data\transcripts\nlubold_nicoresponse-2017-07-05_05-33-46-PM.txt
350,nlubold   ,7/5/2017 17:33,1,1,2,1,33,no answer,"To be honest, I have no idea what you said",C:\Nikki\ASU_Research\NRI_Project\System\Nico_V1\Nico\data\transcripts\nlubold_nicoresponse-2017-07-05_05-33-52-PM.txt
351,nlubold   ,7/5/2017 17:34,1,1,2,1,33,no answer,Oh ok,C:\Nikki\ASU_Research\NRI_Project\System\Nico_V1\Nico\data\transcripts\nlubold_nicoresponse-2017-07-05_05-34-02-PM.txt
352,nlubold   ,7/5/2017 17:34,1,1,2,1,33,confirming answer,The answer is fifteen for step one?,C:\Nikki\ASU_Research\NRI_Project\System\Nico_V1\Nico\data\transcripts\nlubold_nicoresponse-2017-07-05_05-34-09-PM.txt
353,nlubold   ,7/5/2017 17:34,1,1,2,1,33,answering,The answer is fifteen for step one?,C:\Nikki\ASU_Research\NRI_Project\System\Nico_V1\Nico\data\transcripts\nlubold_nicoresponse-2017-07-05_05-34-16-PM.txt
354,nlubold   ,7/5/2017 17:34,1,1,2,1,49,no answer,Oh ok,C:\Nikki\ASU_Research\NRI_Project\System\Nico_V1\Nico\data\transcripts\nlubold_nicoresponse-2017-07-05_05-34-24-PM.txt
355,nlubold   ,7/5/2017 17:34,1,1,2,1,33,no answer,I suppose I get it,C:\Nikki\ASU_Research\NRI_Project\System\Nico_V1\Nico\data\transcripts\nlubold_nicoresponse-2017-07-05_05-34-31-PM.txt
357,nlubold   ,7/14/2017 12:46,1,1,1,1,1,no answer,Ok great!,C:\Nikki\ASU_Research\NRI_Project\System\NRI_Git_Hub\automated_system\Nico_V1\Nico\data\transcripts\nlubold_nicoresponse-2017-07-14_12-46-57-PM.txt
358,nlubold   ,7/14/2017 12:47,1,1,1,1,1,confirming answer,I have no answer for that.,C:\Nikki\ASU_Research\NRI_Project\System\NRI_Git_Hub\automated_system\Nico_V1\Nico\data\transcripts\nlubold_nicoresponse-2017-07-14_12-47-12-PM.txt
359,nlubold   ,7/14/2017 12:48,1,1,1,1,1,answering,Is four the answer?,C:\Nikki\ASU_Research\NRI_Project\System\NRI_Git_Hub\automated_system\Nico_V1\Nico\data\transcripts\nlubold_nicoresponse-2017-07-14_12-48-08-PM.txt
360,nlubold   ,7/14/2017 12:48,1,1,2,1,33,no answer,I will put four in for the answer then.,C:\Nikki\ASU_Research\NRI_Project\System\NRI_Git_Hub\automated_system\Nico_V1\Nico\data\transcripts\nlubold_nicoresponse-2017-07-14_12-48-18-PM.txt
361,nlubold   ,7/14/2017 12:48,1,1,2,1,33,confirming answer,I have no answer for that.,C:\Nikki\ASU_Research\NRI_Project\System\NRI_Git_Hub\automated_system\Nico_V1\Nico\data\transcripts\nlubold_nicoresponse-2017-07-14_12-48-28-PM.txt
362,nlubold   ,7/14/2017 12:48,1,1,2,1,33,confirming answer,I have no answer for that.,C:\Nikki\ASU_Research\NRI_Project\System\NRI_Git_Hub\automated_system\Nico_V1\Nico\data\transcripts\nlubold_nicoresponse-2017-07-14_12-48-30-PM.txt
363,nlubold   ,7/14/2017 12:48,1,1,2,1,33,answering,I have no answer for that.,C:\Nikki\ASU_Research\NRI_Project\System\NRI_Git_Hub\automated_system\Nico_V1\Nico\data\transcripts\nlubold_nicoresponse-2017-07-14_12-48-41-PM.txt
364,nlubold   ,7/14/2017 12:49,1,2,1,1,1,confirming answer,Is four the answer?,C:\Nikki\ASU_Research\NRI_Project\System\NRI_Git_Hub\automated_system\Nico_V1\Nico\data\transcripts\nlubold_nicoresponse-2017-07-14_12-49-02-PM.txt
365,nlubold   ,7/14/2017 12:49,1,2,1,1,1,answering,I will put four in for the answer then.,C:\Nikki\ASU_Research\NRI_Project\System\NRI_Git_Hub\automated_system\Nico_V1\Nico\data\transcripts\nlubold_nicoresponse-2017-07-14_12-49-15-PM.txt
368,nlubold   ,7/18/2017 13:00,1,1,1,1,1,no answer,,C:\Nikki\ASU_Research\NRI_Project\System\NRI_Git_Hub\automated_system\Nico_V1\Nico\data\transcripts\nlubold_nicoresponse-2017-07-18_01-00-14-PM.txt
369,nlubold   ,7/18/2017 13:02,1,1,1,1,1,no answer,I may be a robot but I do try hard. Can you explain more?,C:\Nikki\ASU_Research\NRI_Project\System\NRI_Git_Hub\automated_system\Nico_V1\Nico\data\transcripts\nlubold_nicoresponse-2017-07-18_01-02-05-PM.txt
371,nlubold   ,7/18/2017 14:21,1,1,1,1,1,no answer,Figuring out the solutions to these problems is challenging for me but you're really helpful.,C:\Nikki\ASU_Research\NRI_Project\System\NRI_Git_Hub\automated_system\Nico_V1\Nico\data\transcripts\nlubold_nicoresponse-2017-07-18_02-21-21-PM.txt
372,nlubold   ,7/18/2017 14:22,1,1,1,1,1,no answer,I like a good discussion.,C:\Nikki\ASU_Research\NRI_Project\System\NRI_Git_Hub\automated_system\Nico_V1\Nico\data\transcripts\nlubold_nicoresponse-2017-07-18_02-22-29-PM.txt
373,nlubold   ,7/18/2017 14:28,1,1,1,1,1,no answer,I tend to meander a bit. Can you repeat that?,C:\Nikki\ASU_Research\NRI_Project\System\NRI_Git_Hub\automated_system\Nico_V1\Nico\data\transcripts\nlubold_nicoresponse-2017-07-18_02-28-15-PM.txt
374,nlubold   ,7/18/2017 14:28,1,1,2,1,1,no answer,I'm not sure what to do here on STEP TWO.,C:\Nikki\ASU_Research\NRI_Project\System\NRI_Git_Hub\automated_system\Nico_V1\Nico\data\transcripts\nlubold_nicoresponse-2017-07-18_02-28-28-PM.txt
375,nlubold   ,7/18/2017 14:35,1,1,2,1,1,no answer,Give me time to finish processing.,C:\Nikki\ASU_Research\NRI_Project\System\NRI_Git_Hub\automated_system\Nico_V1\Nico\data\transcripts\nlubold_nicoresponse-2017-07-18_02-34-59-PM.txt
376,nlubold   ,7/18/2017 14:38,1,2,2,1,1,no answer,I'm really not sure what to do on STEP TWO OF PROBLEM TWO.,C:\Nikki\ASU_Research\NRI_Project\System\NRI_Git_Hub\automated_system\Nico_V1\Nico\data\transcripts\nlubold_nicoresponse-2017-07-18_02-38-52-PM.txt
377,nlubold   ,7/18/2017 14:39,1,2,2,1,1,no answer,Figuring out the solutions to these problems is challenging for me but you're really helpful.,C:\Nikki\ASU_Research\NRI_Project\System\NRI_Git_Hub\automated_system\Nico_V1\Nico\data\transcripts\nlubold_nicoresponse-2017-07-18_02-39-04-PM.txt
378,nlubold   ,7/19/2017 12:14,1,2,2,1,1,no answer,Can you give me a hint for STEP TWO OF PROBLEM TWO?,C:\Users\Nichola\Documents\nri\automated_system\Nico_V1\Nico\data\transcripts\nlubold_nicoresponse-2017-07-19_12-14-52-PM.txt
379,nlubold   ,7/19/2017 12:15,1,2,2,1,1,no answer,This is a hard problem.,C:\Users\Nichola\Documents\nri\automated_system\Nico_V1\Nico\data\transcripts\nlubold_nicoresponse-2017-07-19_12-15-12-PM.txt
380,nlubold   ,7/19/2017 12:16,1,2,2,1,1,no answer,I am trying.,C:\Users\Nichola\Documents\nri\automated_system\Nico_V1\Nico\data\transcripts\nlubold_nicoresponse-2017-07-19_12-15-59-PM.txt
381,nlubold   ,7/19/2017 12:16,1,2,2,1,1,no answer,I am trying.,C:\Users\Nichola\Documents\nri\automated_system\Nico_V1\Nico\data\transcripts\nlubold_nicoresponse-2017-07-19_12-16-51-PM.txt
383,nlubold   ,7/19/2017 12:18,1,2,1,1,33,no answer,Ok so we divide. Then what do we do?,C:\Users\Nichola\Documents\nri\automated_system\Nico_V1\Nico\data\transcripts\nlubold_nicoresponse-2017-07-19_12-18-14-PM.txt
385,nlubold   ,7/19/2017 12:29,1,1,0,1,1,no answer,I like to listen and learn. Can you explain more?,C:\Users\Nichola\Documents\nri\automated_system\Nico_V1\Nico\data\transcripts\nlubold_nicoresponse-2017-07-19_12-29-17-PM.txt
387,nlubold   ,7/19/2017 12:47,1,1,1,1,1,no answer,I like to listen and learn. Can you explain more?,C:\Users\Nichola\Documents\nri\automated_system\Nico_V1\Nico\data\transcripts\nlubold_nicoresponse-2017-07-19_12-47-08-PM.txt
388,nlubold   ,7/19/2017 12:47,1,1,2,1,1,no answer,I'm not sure what to do here on STEP TWO.,C:\Users\Nichola\Documents\nri\automated_system\Nico_V1\Nico\data\transcripts\nlubold_nicoresponse-2017-07-19_12-47-21-PM.txt
389,nlubold   ,7/19/2017 12:47,1,1,2,1,1,no answer,Figuring out the solutions to these problems is challenging for me but you're really helpful.,C:\Users\Nichola\Documents\nri\automated_system\Nico_V1\Nico\data\transcripts\nlubold_nicoresponse-2017-07-19_12-47-42-PM.txt
390,nlubold   ,7/19/2017 12:51,1,1,2,1,1,no answer,I am trying.,C:\Users\Nichola\Documents\nri\automated_system\Nico_V1\Nico\data\transcripts\nlubold_nicoresponse-2017-07-19_12-51-02-PM.txt
391,nlubold   ,7/19/2017 12:57,1,1,2,1,1,no answer,That sounds good.,C:\Users\Nichola\Documents\nri\automated_system\Nico_V1\Nico\data\transcripts\nlubold_nicoresponse-2017-07-19_12-57-21-PM.txt
392,nlubold   ,7/19/2017 13:00,1,1,2,1,1,no answer,I may be a robot but I do try hard. Can you explain more?,C:\Users\Nichola\Documents\nri\automated_system\Nico_V1\Nico\data\transcripts\nlubold_nicoresponse-2017-07-19_01-00-29-PM.txt
393,nlubold   ,7/19/2017 13:02,1,1,2,1,1,no answer,I try to keep my life in balance.,C:\Users\Nichola\Documents\nri\automated_system\Nico_V1\Nico\data\transcripts\nlubold_nicoresponse-2017-07-19_01-02-19-PM.txt
394,nlubold   ,7/19/2017 13:07,1,1,2,1,1,no answer,I deserve to look as good as I can.,C:\Users\Nichola\Documents\nri\automated_system\Nico_V1\Nico\data\transcripts\nlubold_nicoresponse-2017-07-19_01-06-59-PM.txt
395,nlubold   ,7/19/2017 13:09,1,1,2,1,1,no answer,I try to keep my life in balance.,C:\Users\Nichola\Documents\nri\automated_system\Nico_V1\Nico\data\transcripts\nlubold_nicoresponse-2017-07-19_01-09-31-PM.txt
396,nlubold   ,7/19/2017 13:12,1,1,2,1,1,no answer,Figuring out the solutions to these problems is challenging for me but you're really helpful.,C:\Users\Nichola\Documents\nri\automated_system\Nico_V1\Nico\data\transcripts\nlubold_nicoresponse-2017-07-19_01-12-58-PM.txt
397,nlubold   ,7/19/2017 13:13,1,1,2,1,1,no answer,Give me time to finish processing.,C:\Users\Nichola\Documents\nri\automated_system\Nico_V1\Nico\data\transcripts\nlubold_nicoresponse-2017-07-19_01-13-45-PM.txt
398,nlubold   ,7/19/2017 13:14,1,2,2,1,1,no answer,I'm really not sure what to do on STEP TWO OF PROBLEM TWO.,C:\Users\Nichola\Documents\nri\automated_system\Nico_V1\Nico\data\transcripts\nlubold_nicoresponse-2017-07-19_01-14-27-PM.txt
400,nlubold   ,7/19/2017 13:15,1,1,1,1,1,no answer,Can you give me a hint for STEP ONE?,C:\Users\Nichola\Documents\nri\automated_system\Nico_V1\Nico\data\transcripts\nlubold_nicoresponse-2017-07-19_01-15-30-PM.txt
401,nlubold   ,7/19/2017 13:15,1,1,2,1,1,no answer,Can you give me a hint for STEP TWO?,C:\Users\Nichola\Documents\nri\automated_system\Nico_V1\Nico\data\transcripts\nlubold_nicoresponse-2017-07-19_01-15-41-PM.txt
402,nlubold   ,7/19/2017 13:15,1,1,1,1,1,no answer,That sounds good.,C:\Users\Nichola\Documents\nri\automated_system\Nico_V1\Nico\data\transcripts\nlubold_nicoresponse-2017-07-19_01-15-47-PM.txt
403,nlubold   ,7/19/2017 13:16,1,2,2,1,1,no answer,I'm really not sure what to do on STEP TWO OF PROBLEM TWO.,C:\Users\Nichola\Documents\nri\automated_system\Nico_V1\Nico\data\transcripts\nlubold_nicoresponse-2017-07-19_01-16-02-PM.txt
405,nlubold   ,7/19/2017 13:17,1,1,1,1,1,no answer,I'm not sure what to do here on STEP ONE.,C:\Users\Nichola\Documents\nri\automated_system\Nico_V1\Nico\data\transcripts\nlubold_nicoresponse-2017-07-19_01-17-43-PM.txt
406,nlubold   ,7/19/2017 13:17,1,1,1,1,1,no answer,Can you give me a hint for STEP ONE?,C:\Users\Nichola\Documents\nri\automated_system\Nico_V1\Nico\data\transcripts\nlubold_nicoresponse-2017-07-19_01-17-46-PM.txt
407,nlubold   ,7/19/2017 13:17,1,1,2,1,1,no answer,Can you give me a hint for STEP TWO?,C:\Users\Nichola\Documents\nri\automated_system\Nico_V1\Nico\data\transcripts\nlubold_nicoresponse-2017-07-19_01-17-55-PM.txt
408,nlubold   ,7/19/2017 13:18,1,1,2,1,1,no answer,This is a hard problem.,C:\Users\Nichola\Documents\nri\automated_system\Nico_V1\Nico\data\transcripts\nlubold_nicoresponse-2017-07-19_01-18-05-PM.txt
409,nlubold   ,7/19/2017 13:18,1,2,2,1,1,no answer,Can you give me a hint on STEP TWO OF PROBLEM TWO?,C:\Users\Nichola\Documents\nri\automated_system\Nico_V1\Nico\data\transcripts\nlubold_nicoresponse-2017-07-19_01-18-15-PM.txt
410,nlubold   ,7/19/2017 13:18,1,3,2,1,1,no answer,I'm not sure what to do here on STEP TWO OF THIS THIRD PROBLEM.,C:\Users\Nichola\Documents\nri\automated_system\Nico_V1\Nico\data\transcripts\nlubold_nicoresponse-2017-07-19_01-18-26-PM.txt
411,nlubold   ,7/19/2017 13:18,1,3,3,1,1,no answer,"So for STEP THREE OF THIS THIRD PROBLEM, I may be getting this but can you give me another hint?",C:\Users\Nichola\Documents\nri\automated_system\Nico_V1\Nico\data\transcripts\nlubold_nicoresponse-2017-07-19_01-18-36-PM.txt
412,nlubold   ,7/19/2017 13:18,1,4,2,1,1,no answer,Can you give me a hint for STEP TWO OF THIS PROBLEM?,C:\Users\Nichola\Documents\nri\automated_system\Nico_V1\Nico\data\transcripts\nlubold_nicoresponse-2017-07-19_01-18-49-PM.txt
413,nlubold   ,7/19/2017 13:18,1,4,3,1,1,no answer,"So for STEP THREE OF THIS PROBLEM, I may be getting this but can you give me another hint?",C:\Users\Nichola\Documents\nri\automated_system\Nico_V1\Nico\data\transcripts\nlubold_nicoresponse-2017-07-19_01-18-57-PM.txt
415,nlubold   ,7/19/2017 13:26,1,1,2,1,1,no answer,I'm not sure what to do here on STEP TWO.,C:\Users\Nichola\Documents\nri\automated_system\Nico_V1\Nico\data\transcripts\nlubold_nicoresponse-2017-07-19_01-26-40-PM.txt
416,nlubold   ,7/19/2017 13:26,1,2,1,1,1,no answer,Give me time to finish processing.,C:\Users\Nichola\Documents\nri\automated_system\Nico_V1\Nico\data\transcripts\nlubold_nicoresponse-2017-07-19_01-26-54-PM.txt
417,nlubold   ,7/19/2017 13:27,1,2,2,1,1,no answer,I'm not sure what to do here on STEP TWO OF PROBLEM TWO.,C:\Users\Nichola\Documents\nri\automated_system\Nico_V1\Nico\data\transcripts\nlubold_nicoresponse-2017-07-19_01-27-05-PM.txt
419,nlubold   ,7/19/2017 13:30,1,1,1,1,1,no answer,I'm not averse to flattery.,C:\Users\Nichola\Documents\nri\automated_system\Nico_V1\Nico\data\transcripts\nlubold_nicoresponse-2017-07-19_01-30-56-PM.txt
420,nlubold   ,7/19/2017 13:31,1,1,1,1,1,no answer,This is a hard problem.,C:\Users\Nichola\Documents\nri\automated_system\Nico_V1\Nico\data\transcripts\nlubold_nicoresponse-2017-07-19_01-31-08-PM.txt
421,nlubold   ,7/19/2017 13:31,1,1,1,1,1,no answer,I like to listen and learn. Can you explain more?,C:\Users\Nichola\Documents\nri\automated_system\Nico_V1\Nico\data\transcripts\nlubold_nicoresponse-2017-07-19_01-31-23-PM.txt
422,nlubold   ,7/19/2017 13:31,1,1,1,1,1,no answer,Ok great! Then what?,C:\Users\Nichola\Documents\nri\automated_system\Nico_V1\Nico\data\transcripts\nlubold_nicoresponse-2017-07-19_01-31-36-PM.txt
423,nlubold   ,7/19/2017 13:31,1,1,1,1,1,no answer,Is four the answer?,C:\Users\Nichola\Documents\nri\automated_system\Nico_V1\Nico\data\transcripts\nlubold_nicoresponse-2017-07-19_01-31-49-PM.txt
424,nlubold   ,7/19/2017 13:31,1,1,1,1,1,answering,I will put the answer is four.,C:\Users\Nichola\Documents\nri\automated_system\Nico_V1\Nico\data\transcripts\nlubold_nicoresponse-2017-07-19_01-31-58-PM.txt
425,nlubold   ,7/19/2017 13:32,1,1,2,1,33,no answer,I'm really not sure what to do on STEP TWO.,C:\Users\Nichola\Documents\nri\automated_system\Nico_V1\Nico\data\transcripts\nlubold_nicoresponse-2017-07-19_01-32-04-PM.txt
426,nlubold   ,7/19/2017 13:32,1,1,2,1,33,no answer,This is a hard problem.,C:\Users\Nichola\Documents\nri\automated_system\Nico_V1\Nico\data\transcripts\nlubold_nicoresponse-2017-07-19_01-32-28-PM.txt
427,nlubold   ,7/19/2017 13:32,1,1,2,1,33,no answer,Ok great! Then what?,C:\Users\Nichola\Documents\nri\automated_system\Nico_V1\Nico\data\transcripts\nlubold_nicoresponse-2017-07-19_01-32-35-PM.txt
428,nlubold   ,7/19/2017 13:32,1,1,2,1,33,no answer,I like a good discussion.,C:\Users\Nichola\Documents\nri\automated_system\Nico_V1\Nico\data\transcripts\nlubold_nicoresponse-2017-07-19_01-32-46-PM.txt
429,nlubold   ,7/19/2017 13:32,1,1,2,1,33,no answer,So is the answer eighteen?,C:\Users\Nichola\Documents\nri\automated_system\Nico_V1\Nico\data\transcripts\nlubold_nicoresponse-2017-07-19_01-32-55-PM.txt
430,nlubold   ,7/19/2017 13:33,1,1,2,1,33,answering,So I will put the answer is eighteen.,C:\Users\Nichola\Documents\nri\automated_system\Nico_V1\Nico\data\transcripts\nlubold_nicoresponse-2017-07-19_01-33-05-PM.txt
431,nlubold   ,7/19/2017 13:33,1,1,2,1,49,no answer,Thank you. You're a great tutor.,C:\Users\Nichola\Documents\nri\automated_system\Nico_V1\Nico\data\transcripts\nlubold_nicoresponse-2017-07-19_01-33-14-PM.txt
432,nlubold   ,7/19/2017 13:34,1,2,1,1,1,no answer,What do we multiply two by? Do you mean we multiply three by six?,C:\Users\Nichola\Documents\nri\automated_system\Nico_V1\Nico\data\transcripts\nlubold_nicoresponse-2017-07-19_01-34-00-PM.txt
433,nlubold   ,7/19/2017 13:34,1,2,1,1,1,no answer,I like to listen and learn. Can you explain more?,C:\Users\Nichola\Documents\nri\automated_system\Nico_V1\Nico\data\transcripts\nlubold_nicoresponse-2017-07-19_01-34-16-PM.txt
434,nlubold   ,7/19/2017 13:35,1,2,1,1,1,no answer,Figuring out the solutions to these problems is challenging for me but you're really helpful.,C:\Users\Nichola\Documents\nri\automated_system\Nico_V1\Nico\data\transcripts\nlubold_nicoresponse-2017-07-19_01-35-29-PM.txt
436,nlubold   ,7/19/2017 13:49,1,1,0,1,1,no answer,Is four the answer?,C:\Nikki\ASU_Research\NRI_Project\System\NRI_Git_Hub\automated_system\Nico_V1\Nico\data\transcripts\nlubold_nicoresponse-2017-07-19_01-49-42-PM.txt
437,nlubold   ,7/19/2017 13:49,1,1,0,1,0,no answer,empty transcript,
438,nlubold   ,7/19/2017 13:59,1,1,0,1,0,no answer,empty transcript,
439,nlubold   ,7/19/2017 13:59,1,1,0,1,1,no answer,I will put the answer is four.,C:\Nikki\ASU_Research\NRI_Project\System\NRI_Git_Hub\automated_system\Nico_V1\Nico\data\transcripts\nlubold_nicoresponse-2017-07-19_01-59-26-PM.txt
440,nlubold   ,7/19/2017 13:59,1,1,1,1,1,no answer,I like a good discussion.,C:\Nikki\ASU_Research\NRI_Project\System\NRI_Git_Hub\automated_system\Nico_V1\Nico\data\transcripts\nlubold_nicoresponse-2017-07-19_01-59-50-PM.txt
441,nlubold   ,7/19/2017 14:00,1,1,1,1,1,no answer,Is four the answer?,C:\Nikki\ASU_Research\NRI_Project\System\NRI_Git_Hub\automated_system\Nico_V1\Nico\data\transcripts\nlubold_nicoresponse-2017-07-19_02-00-16-PM.txt
442,nlubold   ,7/19/2017 14:00,1,1,1,1,1,answering,I will put the answer is four.,C:\Nikki\ASU_Research\NRI_Project\System\NRI_Git_Hub\automated_system\Nico_V1\Nico\data\transcripts\nlubold_nicoresponse-2017-07-19_02-00-38-PM.txt
443,nlubold   ,7/19/2017 14:01,1,1,1,1,33,no answer,Thank you. You're a great tutor.,C:\Nikki\ASU_Research\NRI_Project\System\NRI_Git_Hub\automated_system\Nico_V1\Nico\data\transcripts\nlubold_nicoresponse-2017-07-19_02-01-16-PM.txt
445,nlubold   ,7/19/2017 14:04,1,1,1,1,1,no answer,This is a hard problem.,C:\Nikki\ASU_Research\NRI_Project\System\NRI_Git_Hub\automated_system\Nico_V1\Nico\data\transcripts\nlubold_nicoresponse-2017-07-19_02-04-52-PM.txt
446,nlubold   ,7/19/2017 14:05,1,1,1,1,1,no answer,Ok great! Then what?,C:\Nikki\ASU_Research\NRI_Project\System\NRI_Git_Hub\automated_system\Nico_V1\Nico\data\transcripts\nlubold_nicoresponse-2017-07-19_02-05-06-PM.txt
447,nlubold   ,7/19/2017 14:05,1,1,1,1,1,no answer,Is four the answer?,C:\Nikki\ASU_Research\NRI_Project\System\NRI_Git_Hub\automated_system\Nico_V1\Nico\data\transcripts\nlubold_nicoresponse-2017-07-19_02-05-28-PM.txt
448,nlubold   ,7/19/2017 14:05,1,1,1,1,1,answering,I will put the answer is four.,C:\Nikki\ASU_Research\NRI_Project\System\NRI_Git_Hub\automated_system\Nico_V1\Nico\data\transcripts\nlubold_nicoresponse-2017-07-19_02-05-53-PM.txt
449,nlubold   ,7/19/2017 14:06,1,1,1,1,33,no answer,That sounds good.,C:\Nikki\ASU_Research\NRI_Project\System\NRI_Git_Hub\automated_system\Nico_V1\Nico\data\transcripts\nlubold_nicoresponse-2017-07-19_02-06-12-PM.txt
450,nlubold   ,7/19/2017 14:06,1,1,2,1,33,no answer,Can you give me a hint for STEP TWO?,C:\Nikki\ASU_Research\NRI_Project\System\NRI_Git_Hub\automated_system\Nico_V1\Nico\data\transcripts\nlubold_nicoresponse-2017-07-19_02-06-31-PM.txt
452,nlubold   ,7/19/2017 14:06,1,2,2,1,1,no answer,I'm really not sure what to do on STEP TWO OF PROBLEM TWO.,C:\Nikki\ASU_Research\NRI_Project\System\NRI_Git_Hub\automated_system\Nico_V1\Nico\data\transcripts\nlubold_nicoresponse-2017-07-19_02-06-48-PM.txt
455,nlubold   ,7/19/2017 14:08,1,3,2,1,1,no answer,I'm really not sure what to do on STEP TWO OF THIS THIRD PROBLEM.,C:\Nikki\ASU_Research\NRI_Project\System\NRI_Git_Hub\automated_system\Nico_V1\Nico\data\transcripts\nlubold_nicoresponse-2017-07-19_02-08-38-PM.txt
456,nlubold   ,7/19/2017 14:08,1,3,3,1,1,no answer,Yay! STEP THREE OF THIS THIRD PROBLEM. How do I solve this one?,C:\Nikki\ASU_Research\NRI_Project\System\NRI_Git_Hub\automated_system\Nico_V1\Nico\data\transcripts\nlubold_nicoresponse-2017-07-19_02-08-46-PM.txt
457,nlubold   ,7/19/2017 14:09,1,3,3,1,1,no answer,I like a good discussion.,C:\Nikki\ASU_Research\NRI_Project\System\NRI_Git_Hub\automated_system\Nico_V1\Nico\data\transcripts\nlubold_nicoresponse-2017-07-19_02-09-11-PM.txt
459,nlubold   ,7/19/2017 14:09,1,4,2,1,1,no answer,I'm really not sure what to do on STEP TWO OF THIS PROBLEM.,C:\Nikki\ASU_Research\NRI_Project\System\NRI_Git_Hub\automated_system\Nico_V1\Nico\data\transcripts\nlubold_nicoresponse-2017-07-19_02-09-32-PM.txt
460,nlubold   ,7/19/2017 14:11,1,4,3,1,1,no answer,Yay! STEP THREE OF THIS PROBLEM. How do I solve this one?,C:\Nikki\ASU_Research\NRI_Project\System\NRI_Git_Hub\automated_system\Nico_V1\Nico\data\transcripts\nlubold_nicoresponse-2017-07-19_02-11-15-PM.txt
462,nlubold   ,7/19/2017 15:08,1,1,1,1,1,no answer,,C:\Users\Nichola\Documents\nri\automated_system\Nico_V1\Nico\data\transcripts\nlubold_nicoresponse-2017-07-19_03-08-09-PM.txt
463,nlubold   ,7/19/2017 15:08,1,1,1,1,1,no answer,That sounds good. Then what do we do?,C:\Users\Nichola\Documents\nri\automated_system\Nico_V1\Nico\data\transcripts\nlubold_nicoresponse-2017-07-19_03-08-30-PM.txt
464,nlubold   ,7/19/2017 15:10,1,1,1,1,1,no answer,That's very interesting. Can you explain that more?,C:\Users\Nichola\Documents\nri\automated_system\Nico_V1\Nico\data\transcripts\nlubold_nicoresponse-2017-07-19_03-10-15-PM.txt
466,nlubold   ,7/19/2017 15:46,1,1,1,1,1,no answer,I may be a robot but I do try hard. Can you explain more?,C:\Users\Nichola\Documents\nri\automated_system\Nico_V1\Nico\data\transcripts\nlubold_nicoresponse-2017-07-19_03-46-49-PM.txt
467,nlubold   ,7/19/2017 15:47,1,1,1,1,1,no answer,I'm actually not sure what you said. Try saying it again but differently?,C:\Users\Nichola\Documents\nri\automated_system\Nico_V1\Nico\data\transcripts\nlubold_nicoresponse-2017-07-19_03-47-04-PM.txt
468,nlubold   ,7/19/2017 15:47,1,1,1,1,1,no answer,Ok so we divide. Then what do we do?,C:\Users\Nichola\Documents\nri\automated_system\Nico_V1\Nico\data\transcripts\nlubold_nicoresponse-2017-07-19_03-47-20-PM.txt
469,nlubold   ,7/19/2017 15:47,1,1,1,1,1,no answer,Sweet! Is four the answer?,C:\Users\Nichola\Documents\nri\automated_system\Nico_V1\Nico\data\transcripts\nlubold_nicoresponse-2017-07-19_03-47-33-PM.txt
470,nlubold   ,7/19/2017 15:47,1,1,1,1,1,answering,I will put the answer is four.,C:\Users\Nichola\Documents\nri\automated_system\Nico_V1\Nico\data\transcripts\nlubold_nicoresponse-2017-07-19_03-47-41-PM.txt
471,nlubold   ,7/19/2017 15:47,1,1,2,1,33,no answer,Can you give me a hint for STEP TWO?,C:\Users\Nichola\Documents\nri\automated_system\Nico_V1\Nico\data\transcripts\nlubold_nicoresponse-2017-07-19_03-47-47-PM.txt
472,nlubold   ,7/19/2017 15:48,1,1,2,1,33,no answer,Figuring out the solutions to these problems is challenging for me but you're really helpful.,C:\Users\Nichola\Documents\nri\automated_system\Nico_V1\Nico\data\transcripts\nlubold_nicoresponse-2017-07-19_03-48-00-PM.txt
473,nlubold   ,7/19/2017 15:48,1,1,2,1,33,no answer,I may be a robot but I do try hard. Can you explain more?,C:\Users\Nichola\Documents\nri\automated_system\Nico_V1\Nico\data\transcripts\nlubold_nicoresponse-2017-07-19_03-48-21-PM.txt
474,nlubold   ,7/19/2017 15:48,1,1,2,1,33,no answer,Ok great! Then what?,C:\Users\Nichola\Documents\nri\automated_system\Nico_V1\Nico\data\transcripts\nlubold_nicoresponse-2017-07-19_03-48-34-PM.txt
475,nlubold   ,7/19/2017 15:48,1,1,2,1,33,no answer,So is the answer eighteen?,C:\Users\Nichola\Documents\nri\automated_system\Nico_V1\Nico\data\transcripts\nlubold_nicoresponse-2017-07-19_03-48-43-PM.txt
476,nlubold   ,7/19/2017 15:48,1,1,2,1,33,answering,So I will put the answer is eighteen.,C:\Users\Nichola\Documents\nri\automated_system\Nico_V1\Nico\data\transcripts\nlubold_nicoresponse-2017-07-19_03-48-51-PM.txt
477,nlubold   ,7/19/2017 15:49,1,1,2,1,49,no answer,I'm sorry. I am trying. What do we do?,C:\Users\Nichola\Documents\nri\automated_system\Nico_V1\Nico\data\transcripts\nlubold_nicoresponse-2017-07-19_03-48-59-PM.txt
478,nlubold   ,7/19/2017 15:49,1,1,2,1,49,no answer,Thank you. You're a great tutor.,C:\Users\Nichola\Documents\nri\automated_system\Nico_V1\Nico\data\transcripts\nlubold_nicoresponse-2017-07-19_03-49-08-PM.txt
480,nlubold   ,7/19/2017 15:51,1,2,2,1,1,no answer,Can you give me a hint for STEP TWO OF PROBLEM TWO?,C:\Users\Nichola\Documents\nri\automated_system\Nico_V1\Nico\data\transcripts\nlubold_nicoresponse-2017-07-19_03-51-25-PM.txt
482,nlubold   ,7/19/2017 15:52,1,3,2,1,1,no answer,I'm sorry. I am trying. What do we do?,C:\Users\Nichola\Documents\nri\automated_system\Nico_V1\Nico\data\transcripts\nlubold_nicoresponse-2017-07-19_03-52-54-PM.txt
483,nlubold   ,7/19/2017 15:53,1,3,3,1,1,no answer,Wow we're on STEP THREE OF THIS THIRD PROBLEM. How do we do this one?,C:\Users\Nichola\Documents\nri\automated_system\Nico_V1\Nico\data\transcripts\nlubold_nicoresponse-2017-07-19_03-53-06-PM.txt
486,nlubold   ,7/19/2017 15:54,1,1,1,1,1,no answer,That sounds good. Then what do we do?,C:\Users\Nichola\Documents\nri\automated_system\Nico_V1\Nico\data\transcripts\nlubold_nicoresponse-2017-07-19_03-54-44-PM.txt
487,nlubold   ,7/19/2017 15:55,1,1,2,1,1,no answer,Can you give me a hint for STEP TWO?,C:\Users\Nichola\Documents\nri\automated_system\Nico_V1\Nico\data\transcripts\nlubold_nicoresponse-2017-07-19_03-55-42-PM.txt
489,nlubold   ,7/19/2017 15:56,1,2,2,1,1,no answer,Can you give me a hint for STEP TWO OF PROBLEM TWO?,C:\Users\Nichola\Documents\nri\automated_system\Nico_V1\Nico\data\transcripts\nlubold_nicoresponse-2017-07-19_03-56-38-PM.txt
491,nlubold   ,7/19/2017 15:57,1,3,2,1,1,no answer,I like to listen and learn. Can you explain more?,C:\Users\Nichola\Documents\nri\automated_system\Nico_V1\Nico\data\transcripts\nlubold_nicoresponse-2017-07-19_03-57-24-PM.txt
492,nlubold   ,7/19/2017 15:57,1,3,3,1,1,no answer,Wow we're on STEP THREE OF THIS THIRD PROBLEM. How do we do this one?,C:\Users\Nichola\Documents\nri\automated_system\Nico_V1\Nico\data\transcripts\nlubold_nicoresponse-2017-07-19_03-57-40-PM.txt
493,nlubold   ,7/20/2017 8:55,1,1,0,1,1,no answer,"I really want to go swimming with my friends, but I need to put some waterproof paint on first. I need help figuring out how much paint to put on my legs and torso. Can you give me a hint for how to figure out the first part, STEP ONE?",C:\Users\Nichola\Documents\nri\automated_system\Nico_V1\Nico\data\transcripts\nlubold_nicoresponse-2017-07-20_08-55-50-AM.txt
494,nlubold   ,7/20/2017 8:56,1,1,0,1,1,no answer,Ok so we divide. Then what do we do?,C:\Users\Nichola\Documents\nri\automated_system\Nico_V1\Nico\data\transcripts\nlubold_nicoresponse-2017-07-20_08-56-22-AM.txt
495,nlubold   ,7/20/2017 8:56,1,1,0,1,1,no answer,That's very interesting. Can you explain that more?,C:\Users\Nichola\Documents\nri\automated_system\Nico_V1\Nico\data\transcripts\nlubold_nicoresponse-2017-07-20_08-56-15-AM.txt
496,nlubold   ,7/20/2017 8:57,1,1,1,1,1,no answer,Sweet! Is four the answer?,C:\Users\Nichola\Documents\nri\automated_system\Nico_V1\Nico\data\transcripts\nlubold_nicoresponse-2017-07-20_08-57-42-AM.txt
497,nlubold   ,7/20/2017 8:57,1,1,1,1,1,answering,I will put the answer is four.,C:\Users\Nichola\Documents\nri\automated_system\Nico_V1\Nico\data\transcripts\nlubold_nicoresponse-2017-07-20_08-57-50-AM.txt
498,nlubold   ,7/20/2017 9:02,1,1,1,1,33,no answer,Sweet! Is four the answer?,C:\Users\Nichola\Documents\nri\automated_system\Nico_V1\Nico\data\transcripts\nlubold_nicoresponse-2017-07-20_09-02-53-AM.txt
499,nlubold   ,7/20/2017 9:03,1,1,1,1,33,answering,I will put the answer is four.,C:\Users\Nichola\Documents\nri\automated_system\Nico_V1\Nico\data\transcripts\nlubold_nicoresponse-2017-07-20_09-03-35-AM.txt
500,nlubold   ,7/20/2017 9:07,1,1,2,1,33,no answer,Can you give me a hint on STEP TWO?,C:\Users\Nichola\Documents\nri\automated_system\Nico_V1\Nico\data\transcripts\nlubold_nicoresponse-2017-07-20_09-07-38-AM.txt
501,nlubold   ,7/20/2017 9:07,1,2,2,1,33,no answer,So I think it is not enough to just go in up to my hips. Can you help me figure out what waterproof paint I need to cover my arms and head too? I'm looking at STEP ONE OF THIS SECOND PROBLEM and I'm not sure what to do.,C:\Users\Nichola\Documents\nri\automated_system\Nico_V1\Nico\data\transcripts\nlubold_nicoresponse-2017-07-20_09-07-56-AM.txt
502,nlubold   ,7/20/2017 9:11,1,2,2,1,1,no answer,I'm not sure what to do here on STEP TWO OF PROBLEM TWO.,C:\Users\Nichola\Documents\nri\automated_system\Nico_V1\Nico\data\transcripts\nlubold_nicoresponse-2017-07-20_09-11-49-AM.txt
503,nlubold   ,7/20/2017 9:12,1,3,2,1,1,no answer,Thank you so much for helping me figure out how to make myself waterproof! But now I need help figuring out how to get to the beach! Can you help me figure out where I should be stopping on MY WAY THERE?,C:\Users\Nichola\Documents\nri\automated_system\Nico_V1\Nico\data\transcripts\nlubold_nicoresponse-2017-07-20_09-12-16-AM.txt
504,nlubold   ,7/20/2017 9:16,1,1,0,1,1,no answer,"I really want to go swimming with my friends, but I need to put some waterproof paint on first. I need help figuring out how much paint to put on my legs and torso. Can you give me a hint for how to figure out the first part, STEP ONE?",C:\Users\Nichola\Documents\nri\automated_system\Nico_V1\Nico\data\transcripts\nlubold_nicoresponse-2017-07-20_09-16-24-AM.txt
505,nlubold   ,7/20/2017 9:16,1,1,1,1,1,no answer,Ok so we divide. Then what do we do?,C:\Users\Nichola\Documents\nri\automated_system\Nico_V1\Nico\data\transcripts\nlubold_nicoresponse-2017-07-20_09-16-51-AM.txt
506,nlubold   ,7/20/2017 9:17,1,1,1,1,1,no answer,Sweet! Is four the answer?,C:\Users\Nichola\Documents\nri\automated_system\Nico_V1\Nico\data\transcripts\nlubold_nicoresponse-2017-07-20_09-17-02-AM.txt
507,nlubold   ,7/20/2017 9:17,1,1,1,1,1,answering,I will put the answer is four.,C:\Users\Nichola\Documents\nri\automated_system\Nico_V1\Nico\data\transcripts\nlubold_nicoresponse-2017-07-20_09-17-11-AM.txt
508,nlubold   ,7/20/2017 9:17,1,1,2,1,33,no answer,Can you give me a hint for STEP TWO?,C:\Users\Nichola\Documents\nri\automated_system\Nico_V1\Nico\data\transcripts\nlubold_nicoresponse-2017-07-20_09-17-19-AM.txt
509,nlubold   ,7/20/2017 9:17,1,1,2,1,33,no answer,I like a good challenge. What do we do next?,C:\Users\Nichola\Documents\nri\automated_system\Nico_V1\Nico\data\transcripts\nlubold_nicoresponse-2017-07-20_09-17-35-AM.txt
510,nlubold   ,7/20/2017 9:17,1,1,2,1,33,no answer,I'm still learning ratios. Maybe you can explain more?,C:\Users\Nichola\Documents\nri\automated_system\Nico_V1\Nico\data\transcripts\nlubold_nicoresponse-2017-07-20_09-17-48-AM.txt
511,nlubold   ,7/20/2017 9:18,1,1,2,1,33,no answer,I'm still learning ratios. Maybe you can explain more?,C:\Users\Nichola\Documents\nri\automated_system\Nico_V1\Nico\data\transcripts\nlubold_nicoresponse-2017-07-20_09-18-17-AM.txt
512,nlubold   ,7/20/2017 9:21,1,1,0,1,1,no answer,"I really want to go swimming with my friends, but I need to put some waterproof paint on first. I need help figuring out how much paint to put on my legs and torso. Can you give me a hint for how to figure out the first part, STEP ONE?",C:\Nikki\ASU_Research\NRI_Project\System\NRI_Git_Hub\automated_system\Nico_V1\Nico\data\transcripts\nlubold_nicoresponse-2017-07-20_09-21-25-AM.txt
513,nlubold   ,7/20/2017 9:21,1,1,1,1,1,no answer,Did you say four is the answer?,C:\Nikki\ASU_Research\NRI_Project\System\NRI_Git_Hub\automated_system\Nico_V1\Nico\data\transcripts\nlubold_nicoresponse-2017-07-20_09-21-49-AM.txt
514,nlubold   ,7/20/2017 9:21,1,1,1,1,1,no answer,I like to listen and learn. Can you explain more?,C:\Nikki\ASU_Research\NRI_Project\System\NRI_Git_Hub\automated_system\Nico_V1\Nico\data\transcripts\nlubold_nicoresponse-2017-07-20_09-21-59-AM.txt
515,nlubold   ,7/20/2017 9:22,1,1,1,1,1,no answer,I tend to meander a bit. Can you repeat that?,C:\Nikki\ASU_Research\NRI_Project\System\NRI_Git_Hub\automated_system\Nico_V1\Nico\data\transcripts\nlubold_nicoresponse-2017-07-20_09-22-22-AM.txt
516,nlubold   ,7/20/2017 9:22,1,1,1,1,1,no answer,I like a good challenge. What do we do next?,C:\Nikki\ASU_Research\NRI_Project\System\NRI_Git_Hub\automated_system\Nico_V1\Nico\data\transcripts\nlubold_nicoresponse-2017-07-20_09-22-41-AM.txt
517,nlubold   ,7/20/2017 9:23,1,1,2,1,1,no answer,I'm really not sure what to do on STEP TWO.,C:\Nikki\ASU_Research\NRI_Project\System\NRI_Git_Hub\automated_system\Nico_V1\Nico\data\transcripts\nlubold_nicoresponse-2017-07-20_09-23-05-AM.txt
518,nlubold   ,7/20/2017 9:23,1,2,2,1,1,no answer,So I think it is not enough to just go in up to my hips. Can you help me figure out what waterproof paint I need to cover my arms and head too? I'm looking at STEP ONE OF THIS SECOND PROBLEM and I'm not sure what to do.,C:\Nikki\ASU_Research\NRI_Project\System\NRI_Git_Hub\automated_system\Nico_V1\Nico\data\transcripts\nlubold_nicoresponse-2017-07-20_09-23-12-AM.txt
519,nlubold   ,7/20/2017 9:23,1,2,2,1,1,no answer,Can you give me a hint for STEP TWO OF PROBLEM TWO?,C:\Nikki\ASU_Research\NRI_Project\System\NRI_Git_Hub\automated_system\Nico_V1\Nico\data\transcripts\nlubold_nicoresponse-2017-07-20_09-23-29-AM.txt
520,nlubold   ,7/20/2017 9:23,1,3,2,1,1,no answer,Thank you so much for helping me figure out how to make myself waterproof! But now I need help figuring out how to get to the beach! Can you help me figure out where I should be stopping on MY WAY THERE?,C:\Nikki\ASU_Research\NRI_Project\System\NRI_Git_Hub\automated_system\Nico_V1\Nico\data\transcripts\nlubold_nicoresponse-2017-07-20_09-23-34-AM.txt
521,nlubold   ,7/20/2017 9:23,1,3,2,1,1,no answer,That's very interesting. Can you explain that more?,C:\Nikki\ASU_Research\NRI_Project\System\NRI_Git_Hub\automated_system\Nico_V1\Nico\data\transcripts\nlubold_nicoresponse-2017-07-20_09-23-48-AM.txt
522,nlubold   ,7/20/2017 9:23,1,3,3,1,1,no answer,"So for STEP THREE OF THIS THIRD PROBLEM, I may be getting this but can you give me another hint?",C:\Nikki\ASU_Research\NRI_Project\System\NRI_Git_Hub\automated_system\Nico_V1\Nico\data\transcripts\nlubold_nicoresponse-2017-07-20_09-23-54-AM.txt
523,nlubold   ,7/20/2017 9:24,1,4,3,1,1,no answer,"Ok so now that I know how to get to the beach and I'm waterproof, I need to figure out how far I can swim. There's a current and I need help figuring out how far I can swim before I end up on the shore. Lets say I start out at 26 feet into the ocean? Can you help me? This is A TRICKY ONE?",C:\Nikki\ASU_Research\NRI_Project\System\NRI_Git_Hub\automated_system\Nico_V1\Nico\data\transcripts\nlubold_nicoresponse-2017-07-20_09-24-04-AM.txt
524,nlubold   ,7/20/2017 9:43,1,1,0,1,1,no answer,"I really want to go swimming with my friends, but I need to put some waterproof paint on first. I need help figuring out how much paint to put on my legs and torso. Can you give me a hint for how to figure out the first part, STEP ONE?",C:\Users\Nichola\Documents\nri\automated_system\Nico_V1\Nico\data\transcripts\nlubold_nicoresponse-2017-07-20_09-43-10-AM.txt
525,nlubold   ,7/20/2017 9:43,1,1,1,1,1,no answer,Ok so we divide. Then what do we do?,C:\Users\Nichola\Documents\nri\automated_system\Nico_V1\Nico\data\transcripts\nlubold_nicoresponse-2017-07-20_09-43-35-AM.txt
526,nlubold   ,7/20/2017 9:43,1,1,1,1,1,no answer,Is four the answer?,C:\Users\Nichola\Documents\nri\automated_system\Nico_V1\Nico\data\transcripts\nlubold_nicoresponse-2017-07-20_09-43-50-AM.txt
527,nlubold   ,7/20/2017 9:43,1,1,1,1,1,answering,I will put the answer is four.,C:\Users\Nichola\Documents\nri\automated_system\Nico_V1\Nico\data\transcripts\nlubold_nicoresponse-2017-07-20_09-43-57-AM.txt
528,nlubold   ,7/20/2017 9:44,1,1,1,1,33,no answer,That sounds good. Then what do we do?,C:\Users\Nichola\Documents\nri\automated_system\Nico_V1\Nico\data\transcripts\nlubold_nicoresponse-2017-07-20_09-44-07-AM.txt
529,nlubold   ,7/20/2017 9:44,1,1,2,1,33,no answer,I'm not sure what to do here on STEP TWO.,C:\Users\Nichola\Documents\nri\automated_system\Nico_V1\Nico\data\transcripts\nlubold_nicoresponse-2017-07-20_09-44-14-AM.txt
530,nlubold   ,7/20/2017 9:44,1,1,2,1,33,no answer,There is another six! Do we divide the six?,C:\Users\Nichola\Documents\nri\automated_system\Nico_V1\Nico\data\transcripts\nlubold_nicoresponse-2017-07-20_09-44-27-AM.txt
531,nlubold   ,7/20/2017 9:44,1,1,2,1,33,no answer,Oh. Do you think you can explain more?,C:\Users\Nichola\Documents\nri\automated_system\Nico_V1\Nico\data\transcripts\nlubold_nicoresponse-2017-07-20_09-44-36-AM.txt
532,nlubold   ,7/20/2017 9:44,1,1,2,1,33,no answer,This is a hard problem. What do we do next?,C:\Users\Nichola\Documents\nri\automated_system\Nico_V1\Nico\data\transcripts\nlubold_nicoresponse-2017-07-20_09-44-50-AM.txt
533,nlubold   ,7/20/2017 9:45,1,1,2,1,33,no answer,So is the answer eighteen?,C:\Users\Nichola\Documents\nri\automated_system\Nico_V1\Nico\data\transcripts\nlubold_nicoresponse-2017-07-20_09-45-03-AM.txt
534,nlubold   ,7/20/2017 9:45,1,1,2,1,33,answering,So I will put the answer is eighteen.,C:\Users\Nichola\Documents\nri\automated_system\Nico_V1\Nico\data\transcripts\nlubold_nicoresponse-2017-07-20_09-45-11-AM.txt
535,nlubold   ,7/20/2017 9:45,1,1,2,1,49,no answer,Thank you. You're a great tutor.,C:\Users\Nichola\Documents\nri\automated_system\Nico_V1\Nico\data\transcripts\nlubold_nicoresponse-2017-07-20_09-45-21-AM.txt
536,nlubold   ,7/20/2017 9:45,1,2,2,1,49,no answer,So I think it is not enough to just go in up to my hips. Can you help me figure out what waterproof paint I need to cover my arms and head too? I'm looking at STEP ONE OF THIS SECOND PROBLEM and I'm not sure what to do.,C:\Users\Nichola\Documents\nri\automated_system\Nico_V1\Nico\data\transcripts\nlubold_nicoresponse-2017-07-20_09-45-28-AM.txt
537,nlubold   ,7/20/2017 9:45,1,2,1,1,1,no answer,I tend to meander a bit. Can you repeat that?,C:\Users\Nichola\Documents\nri\automated_system\Nico_V1\Nico\data\transcripts\nlubold_nicoresponse-2017-07-20_09-45-57-AM.txt
538,nlubold   ,7/20/2017 9:46,1,2,1,1,1,no answer,So I'm actually not sure what you mean. Can you tell me again?,C:\Users\Nichola\Documents\nri\automated_system\Nico_V1\Nico\data\transcripts\nlubold_nicoresponse-2017-07-20_09-46-09-AM.txt
539,nlubold   ,7/20/2017 9:47,1,2,1,1,1,no answer,I like a good challenge. What do we do next?,C:\Users\Nichola\Documents\nri\automated_system\Nico_V1\Nico\data\transcripts\nlubold_nicoresponse-2017-07-20_09-47-40-AM.txt
540,nlubold   ,7/20/2017 9:47,1,2,1,1,1,no answer,That's very interesting. Can you explain that more?,C:\Users\Nichola\Documents\nri\automated_system\Nico_V1\Nico\data\transcripts\nlubold_nicoresponse-2017-07-20_09-47-55-AM.txt
541,nlubold   ,7/20/2017 9:48,1,2,1,1,1,no answer,I tend to meander a bit. Can you repeat that?,C:\Users\Nichola\Documents\nri\automated_system\Nico_V1\Nico\data\transcripts\nlubold_nicoresponse-2017-07-20_09-48-08-AM.txt
542,nlubold   ,7/20/2017 9:48,1,2,1,1,1,no answer,I'm sorry. I am trying. What do we do?,C:\Users\Nichola\Documents\nri\automated_system\Nico_V1\Nico\data\transcripts\nlubold_nicoresponse-2017-07-20_09-48-27-AM.txt
543,nlubold   ,7/20/2017 9:50,1,1,0,1,1,no answer,"I really want to go swimming with my friends, but I need to put some waterproof paint on first. I need help figuring out how much paint to put on my legs and torso. Can you give me a hint for how to figure out the first part, STEP ONE?",C:\Users\Nichola\Documents\nri\automated_system\Nico_V1\Nico\data\transcripts\nlubold_nicoresponse-2017-07-20_09-50-45-AM.txt
544,nlubold   ,7/20/2017 9:51,1,1,1,1,1,no answer,That's very interesting. Can you explain that more?,C:\Users\Nichola\Documents\nri\automated_system\Nico_V1\Nico\data\transcripts\nlubold_nicoresponse-2017-07-20_09-51-10-AM.txt
545,nlubold   ,7/20/2017 10:43,1,1,0,1,1,no answer,"I really want to go swimming with my friends, but I need to put some waterproof paint on first. I need help figuring out how much paint to put on my legs and torso. Can you give me a hint for how to figure out the first part, STEP ONE?",C:\Nikki\ASU_Research\NRI_Project\System\NRI_Git_Hub\automated_system\Nico_V1\Nico\data\transcripts\nlubold_nicoresponse-2017-07-20_10-43-26-AM.txt
546,nlubold   ,7/20/2017 10:43,1,1,1,1,1,no answer,Did you say four is the answer?,C:\Nikki\ASU_Research\NRI_Project\System\NRI_Git_Hub\automated_system\Nico_V1\Nico\data\transcripts\nlubold_nicoresponse-2017-07-20_10-43-47-AM.txt
547,nlubold   ,7/20/2017 10:43,1,1,1,1,1,no answer,I'm actually not sure what you said. Try saying it again but differently?,C:\Nikki\ASU_Research\NRI_Project\System\NRI_Git_Hub\automated_system\Nico_V1\Nico\data\transcripts\nlubold_nicoresponse-2017-07-20_10-43-55-AM.txt
548,nlubold   ,7/20/2017 10:44,1,1,1,1,1,no answer,Ok great! Then what?,C:\Nikki\ASU_Research\NRI_Project\System\NRI_Git_Hub\automated_system\Nico_V1\Nico\data\transcripts\nlubold_nicoresponse-2017-07-20_10-44-07-AM.txt
549,nlubold   ,7/20/2017 10:44,1,1,1,1,1,no answer,Is four the answer?,C:\Nikki\ASU_Research\NRI_Project\System\NRI_Git_Hub\automated_system\Nico_V1\Nico\data\transcripts\nlubold_nicoresponse-2017-07-20_10-44-15-AM.txt
550,nlubold   ,7/20/2017 10:44,1,1,1,1,1,no answer,Ok great! Then what?,C:\Nikki\ASU_Research\NRI_Project\System\NRI_Git_Hub\automated_system\Nico_V1\Nico\data\transcripts\nlubold_nicoresponse-2017-07-20_10-44-21-AM.txt
551,nlubold   ,7/20/2017 10:44,1,1,2,1,1,no answer,Can you give me a hint on STEP TWO?,C:\Nikki\ASU_Research\NRI_Project\System\NRI_Git_Hub\automated_system\Nico_V1\Nico\data\transcripts\nlubold_nicoresponse-2017-07-20_10-44-25-AM.txt
552,nlubold   ,7/20/2017 10:44,1,1,2,1,1,no answer,I'm actually not sure what you said. Try saying it again but differently?,C:\Nikki\ASU_Research\NRI_Project\System\NRI_Git_Hub\automated_system\Nico_V1\Nico\data\transcripts\nlubold_nicoresponse-2017-07-20_10-44-40-AM.txt
553,nlubold   ,7/20/2017 10:44,1,2,2,1,1,no answer,So I think it is not enough to just go in up to my hips. Can you help me figure out what waterproof paint I need to cover my arms and head too? I'm looking at STEP ONE OF THIS SECOND PROBLEM and I'm not sure what to do.,C:\Nikki\ASU_Research\NRI_Project\System\NRI_Git_Hub\automated_system\Nico_V1\Nico\data\transcripts\nlubold_nicoresponse-2017-07-20_10-44-49-AM.txt
554,nlubold   ,7/20/2017 13:40,1,1,0,1,1,no answer,"I really want to go swimming with my friends, but I need to put some waterproof paint on first. I need help figuring out how much paint to put on my legs and torso. Can you give me a hint for how to figure out the first part, STEP ONE?",C:\Nikki\ASU_Research\NRI_Project\System\NRI_Git_Hub\automated_system\Nico_V1\Nico\data\transcripts\nlubold_nicoresponse-2017-07-20_01-40-05-PM.txt
555,nlubold   ,7/20/2017 13:40,1,1,2,1,1,no answer,Can you give me a hint for STEP TWO?,C:\Nikki\ASU_Research\NRI_Project\System\NRI_Git_Hub\automated_system\Nico_V1\Nico\data\transcripts\nlubold_nicoresponse-2017-07-20_01-40-15-PM.txt
556,nlubold   ,7/20/2017 13:40,1,2,2,1,1,no answer,So I think it is not enough to just go in up to my hips. Can you help me figure out what waterproof paint I need to cover my arms and head too? I'm looking at STEP ONE OF THIS SECOND PROBLEM and I'm not sure what to do.,C:\Nikki\ASU_Research\NRI_Project\System\NRI_Git_Hub\automated_system\Nico_V1\Nico\data\transcripts\nlubold_nicoresponse-2017-07-20_01-40-24-PM.txt
557,nlubold   ,7/20/2017 13:40,1,1,2,1,1,no answer,Why aren't you talking to me? Are you thinking?,C:\Nikki\ASU_Research\NRI_Project\System\NRI_Git_Hub\automated_system\Nico_V1\Nico\data\transcripts\nlubold_nicoresponse-2017-07-20_01-40-29-PM.txt
558,nlubold   ,7/20/2017 13:40,1,1,3,1,1,no answer,Wow we're on STEP THREE. How do we do this one?,C:\Nikki\ASU_Research\NRI_Project\System\NRI_Git_Hub\automated_system\Nico_V1\Nico\data\transcripts\nlubold_nicoresponse-2017-07-20_01-40-38-PM.txt
559,nlubold   ,7/20/2017 13:40,1,1,4,1,1,no answer,Figuring out the solutions to these problems is challenging for me but you're really helpful.,C:\Nikki\ASU_Research\NRI_Project\System\NRI_Git_Hub\automated_system\Nico_V1\Nico\data\transcripts\nlubold_nicoresponse-2017-07-20_01-40-51-PM.txt
560,nlubold   ,7/20/2017 13:41,1,1,0,1,1,no answer,"I really want to go swimming with my friends, but I need to put some waterproof paint on first. I need help figuring out how much paint to put on my legs and torso. Can you give me a hint for how to figure out the first part, STEP ONE?",C:\Nikki\ASU_Research\NRI_Project\System\NRI_Git_Hub\automated_system\Nico_V1\Nico\data\transcripts\nlubold_nicoresponse-2017-07-20_01-41-55-PM.txt
561,nlubold   ,7/20/2017 13:42,1,1,2,1,1,no answer,Can you give me a hint for STEP TWO?,C:\Nikki\ASU_Research\NRI_Project\System\NRI_Git_Hub\automated_system\Nico_V1\Nico\data\transcripts\nlubold_nicoresponse-2017-07-20_01-42-19-PM.txt
562,nlubold   ,7/20/2017 13:42,1,1,1,1,1,no answer,Why aren't you talking to me? Are you thinking?,C:\Nikki\ASU_Research\NRI_Project\System\NRI_Git_Hub\automated_system\Nico_V1\Nico\data\transcripts\nlubold_nicoresponse-2017-07-20_01-42-20-PM.txt
563,nlubold   ,7/20/2017 13:47,1,2,1,1,1,no answer,So I think it is not enough to just go in up to my hips. Can you help me figure out what waterproof paint I need to cover my arms and head too? I'm looking at STEP ONE OF THIS SECOND PROBLEM and I'm not sure what to do.,C:\Nikki\ASU_Research\NRI_Project\System\NRI_Git_Hub\automated_system\Nico_V1\Nico\data\transcripts\nlubold_nicoresponse-2017-07-20_01-47-37-PM.txt
564,nlubold   ,7/20/2017 13:48,1,2,2,1,1,no answer,I'm not sure what to do here on STEP TWO OF PROBLEM TWO.,C:\Nikki\ASU_Research\NRI_Project\System\NRI_Git_Hub\automated_system\Nico_V1\Nico\data\transcripts\nlubold_nicoresponse-2017-07-20_01-48-50-PM.txt
565,nlubold   ,7/20/2017 13:49,1,3,2,1,1,no answer,What do we do with the number three?,C:\Nikki\ASU_Research\NRI_Project\System\NRI_Git_Hub\automated_system\Nico_V1\Nico\data\transcripts\nlubold_nicoresponse-2017-07-20_01-49-03-PM.txt
566,nlubold   ,7/20/2017 13:49,1,3,2,1,1,no answer,I'm not sure what to do here on STEP TWO OF THIS THIRD PROBLEM.,C:\Nikki\ASU_Research\NRI_Project\System\NRI_Git_Hub\automated_system\Nico_V1\Nico\data\transcripts\nlubold_nicoresponse-2017-07-20_01-49-19-PM.txt
567,nlubold   ,7/20/2017 13:49,1,3,3,1,1,no answer,Yay! STEP THREE OF THIS THIRD PROBLEM. How do I solve this one?,C:\Nikki\ASU_Research\NRI_Project\System\NRI_Git_Hub\automated_system\Nico_V1\Nico\data\transcripts\nlubold_nicoresponse-2017-07-20_01-49-44-PM.txt
568,nlubold   ,7/20/2017 16:45,1,1,0,1,1,no answer,Why aren't you talking to me? Are you thinking?,C:\Users\Nichola\Documents\nri\automated_system\Nico_V1\Nico\data\transcripts\nlubold_nicoresponse-2017-07-20_04-45-35-PM.txt
569,nlubold   ,7/20/2017 16:45,1,1,0,1,1,no answer,"I really want to go swimming with my friends, but I need to put some waterproof paint on first. I need help figuring out how much paint to put on my legs and torso. Can you give me a hint for how to figure out the first part, STEP ONE?",C:\Users\Nichola\Documents\nri\automated_system\Nico_V1\Nico\data\transcripts\nlubold_nicoresponse-2017-07-20_04-45-10-PM.txt
570,nlubold   ,7/20/2017 16:47,1,1,0,1,1,no answer,"I really want to go swimming with my friends, but I need to put some waterproof paint on first. I need help figuring out how much paint to put on my legs and torso. Can you give me a hint for how to figure out the first part, STEP ONE?",C:\Users\Nichola\Documents\nri\automated_system\Nico_V1\Nico\data\transcripts\nlubold_nicoresponse-2017-07-20_04-47-18-PM.txt
571,nlubold   ,7/20/2017 16:48,1,1,1,1,1,no answer,So I'm actually not sure what you mean. Can you tell me again?,C:\Users\Nichola\Documents\nri\automated_system\Nico_V1\Nico\data\transcripts\nlubold_nicoresponse-2017-07-20_04-48-05-PM.txt
572,nlubold   ,7/20/2017 16:48,1,1,1,1,1,no answer,That's very interesting. Can you explain that more?,C:\Users\Nichola\Documents\nri\automated_system\Nico_V1\Nico\data\transcripts\nlubold_nicoresponse-2017-07-20_04-48-31-PM.txt
573,nlubold   ,7/20/2017 16:49,1,1,1,1,1,no answer,I may be a robot but I do try hard. Can you explain more?,C:\Users\Nichola\Documents\nri\automated_system\Nico_V1\Nico\data\transcripts\nlubold_nicoresponse-2017-07-20_04-49-54-PM.txt
574,nlubold   ,7/20/2017 16:50,1,1,1,1,1,no answer,So I'm actually not sure what you mean. Can you tell me again?,C:\Users\Nichola\Documents\nri\automated_system\Nico_V1\Nico\data\transcripts\nlubold_nicoresponse-2017-07-20_04-50-19-PM.txt
575,nlubold   ,7/20/2017 16:50,1,1,2,1,1,no answer,Can you give me a hint for STEP TWO?,C:\Users\Nichola\Documents\nri\automated_system\Nico_V1\Nico\data\transcripts\nlubold_nicoresponse-2017-07-20_04-50-56-PM.txt
576,nlubold   ,7/20/2017 16:52,1,1,2,1,1,no answer,What do we do with the number TWO?,C:\Users\Nichola\Documents\nri\automated_system\Nico_V1\Nico\data\transcripts\nlubold_nicoresponse-2017-07-20_04-52-00-PM.txt
577,nlubold   ,7/20/2017 16:53,1,1,2,1,1,no answer,What do we do with the number TWO?,C:\Users\Nichola\Documents\nri\automated_system\Nico_V1\Nico\data\transcripts\nlubold_nicoresponse-2017-07-20_04-53-31-PM.txt
578,nlubold   ,7/20/2017 16:53,1,1,2,1,1,no answer,Oh okay. So that's what we do with the two and then what do we do?,C:\Users\Nichola\Documents\nri\automated_system\Nico_V1\Nico\data\transcripts\nlubold_nicoresponse-2017-07-20_04-53-42-PM.txt
579,nlubold   ,7/20/2017 16:54,1,1,2,1,1,no answer,I think the answer is eighteen. So is the answer eighteen?,C:\Users\Nichola\Documents\nri\automated_system\Nico_V1\Nico\data\transcripts\nlubold_nicoresponse-2017-07-20_04-54-31-PM.txt
580,nlubold   ,7/20/2017 16:54,1,1,1,1,1,no answer,So I will put the answer is eighteen.,C:\Users\Nichola\Documents\nri\automated_system\Nico_V1\Nico\data\transcripts\nlubold_nicoresponse-2017-07-20_04-54-48-PM.txt
581,nlubold   ,7/20/2017 16:55,1,1,1,1,1,no answer,So is the answer eighteen?,C:\Users\Nichola\Documents\nri\automated_system\Nico_V1\Nico\data\transcripts\nlubold_nicoresponse-2017-07-20_04-55-08-PM.txt
582,nlubold   ,7/20/2017 16:55,1,1,1,1,1,answering,So I will put the answer is eighteen.,C:\Users\Nichola\Documents\nri\automated_system\Nico_V1\Nico\data\transcripts\nlubold_nicoresponse-2017-07-20_04-55-23-PM.txt
583,nlubold   ,7/20/2017 16:55,1,1,2,1,33,no answer,Can you give me a hint on STEP TWO?,C:\Users\Nichola\Documents\nri\automated_system\Nico_V1\Nico\data\transcripts\nlubold_nicoresponse-2017-07-20_04-55-34-PM.txt
584,nlubold   ,7/20/2017 16:55,1,2,2,1,33,no answer,So I think it is not enough to just go in up to my hips. Can you help me figure out what waterproof paint I need to cover my arms and head too? I'm looking at STEP ONE OF THIS SECOND PROBLEM and I'm not sure what to do.,C:\Users\Nichola\Documents\nri\automated_system\Nico_V1\Nico\data\transcripts\nlubold_nicoresponse-2017-07-20_04-55-42-PM.txt
585,nlubold   ,7/20/2017 16:56,1,2,1,1,1,no answer,I'm sorry. I am trying. What do we do?,C:\Users\Nichola\Documents\nri\automated_system\Nico_V1\Nico\data\transcripts\nlubold_nicoresponse-2017-07-20_04-56-20-PM.txt
586,nlubold   ,7/20/2017 16:56,1,2,1,1,1,no answer,I'm actually not sure what you said. Try saying it again but differently?,C:\Users\Nichola\Documents\nri\automated_system\Nico_V1\Nico\data\transcripts\nlubold_nicoresponse-2017-07-20_04-56-41-PM.txt
587,nlubold   ,7/20/2017 16:57,1,2,1,1,1,no answer,I'm still learning ratios. Maybe you can explain more?,C:\Users\Nichola\Documents\nri\automated_system\Nico_V1\Nico\data\transcripts\nlubold_nicoresponse-2017-07-20_04-57-26-PM.txt
588,nlubold   ,7/21/2017 10:37,1,1,0,1,1,no answer,I'm actually not sure what you said. Try saying it again but differently?,C:\Nikki\ASU_Research\NRI_Project\System\NRI_Git_Hub\automated_system\Nico_V1\Nico\data\transcripts\nlubold_nicoresponse-2017-07-21_10-37-05-AM.txt
589,nlubold   ,7/21/2017 10:35,1,1,0,1,1,no answer,"I really want to go swimming with my friends, but I need to put some waterproof paint on first. I need help figuring out how much paint to put on my legs and torso. Can you give me a hint for how to figure out the first part, STEP ONE?",C:\Nikki\ASU_Research\NRI_Project\System\NRI_Git_Hub\automated_system\Nico_V1\Nico\data\transcripts\nlubold_nicoresponse-2017-07-21_10-35-56-AM.txt
590,nlubold   ,7/21/2017 10:37,1,1,0,1,1,no answer,"I really want to go swimming with my friends, but I need to put some waterproof paint on first. I need help figuring out how much paint to put on my legs and torso. Can you give me a hint for how to figure out the first part, STEP ONE?",C:\Nikki\ASU_Research\NRI_Project\System\NRI_Git_Hub\automated_system\Nico_V1\Nico\data\transcripts\nlubold_nicoresponse-2017-07-21_10-37-10-AM.txt
591,nlubold   ,7/21/2017 10:39,1,1,1,1,1,no answer,Do we divide by six?,C:\Nikki\ASU_Research\NRI_Project\System\NRI_Git_Hub\automated_system\Nico_V1\Nico\data\transcripts\nlubold_nicoresponse-2017-07-21_10-39-46-AM.txt
592,nlubold   ,7/21/2017 10:39,1,1,1,1,1,no answer,Oh. Do you think you can explain more?,C:\Nikki\ASU_Research\NRI_Project\System\NRI_Git_Hub\automated_system\Nico_V1\Nico\data\transcripts\nlubold_nicoresponse-2017-07-21_10-39-59-AM.txt
593,nlubold   ,7/21/2017 10:40,1,1,1,1,1,no answer,I like to listen and learn. Can you explain more?,C:\Nikki\ASU_Research\NRI_Project\System\NRI_Git_Hub\automated_system\Nico_V1\Nico\data\transcripts\nlubold_nicoresponse-2017-07-21_10-40-20-AM.txt
594,nlubold   ,7/21/2017 10:40,1,1,1,1,1,no answer,I tend to meander a bit. Can you repeat that?,C:\Nikki\ASU_Research\NRI_Project\System\NRI_Git_Hub\automated_system\Nico_V1\Nico\data\transcripts\nlubold_nicoresponse-2017-07-21_10-40-33-AM.txt
595,nlubold   ,7/21/2017 10:40,1,1,1,1,1,no answer,That sounds good. Then what do we do?,C:\Nikki\ASU_Research\NRI_Project\System\NRI_Git_Hub\automated_system\Nico_V1\Nico\data\transcripts\nlubold_nicoresponse-2017-07-21_10-40-47-AM.txt
596,nlubold   ,7/21/2017 10:41,1,1,1,1,1,no answer,I like a good challenge. What do we do next?,C:\Nikki\ASU_Research\NRI_Project\System\NRI_Git_Hub\automated_system\Nico_V1\Nico\data\transcripts\nlubold_nicoresponse-2017-07-21_10-41-02-AM.txt
597,nlubold   ,7/21/2017 10:41,1,1,1,1,1,no answer,Do we divide by six?,C:\Nikki\ASU_Research\NRI_Project\System\NRI_Git_Hub\automated_system\Nico_V1\Nico\data\transcripts\nlubold_nicoresponse-2017-07-21_10-41-43-AM.txt
598,nlubold   ,7/21/2017 10:41,1,1,1,1,1,no answer,Oh. Do you think you can explain more?,C:\Nikki\ASU_Research\NRI_Project\System\NRI_Git_Hub\automated_system\Nico_V1\Nico\data\transcripts\nlubold_nicoresponse-2017-07-21_10-41-51-AM.txt
599,nlubold   ,7/21/2017 10:42,1,1,2,1,1,no answer,Can you give me a hint on STEP TWO?,C:\Nikki\ASU_Research\NRI_Project\System\NRI_Git_Hub\automated_system\Nico_V1\Nico\data\transcripts\nlubold_nicoresponse-2017-07-21_10-42-38-AM.txt
600,nlubold   ,7/21/2017 10:43,1,1,1,1,1,no answer,I like to listen and learn. Can you explain more?,C:\Nikki\ASU_Research\NRI_Project\System\NRI_Git_Hub\automated_system\Nico_V1\Nico\data\transcripts\nlubold_nicoresponse-2017-07-21_10-43-21-AM.txt
601,nlubold   ,7/21/2017 10:43,1,1,2,1,1,no answer,I like a good challenge. What do we do next?,C:\Nikki\ASU_Research\NRI_Project\System\NRI_Git_Hub\automated_system\Nico_V1\Nico\data\transcripts\nlubold_nicoresponse-2017-07-21_10-43-20-AM.txt
602,nlubold   ,7/21/2017 10:43,1,1,3,1,1,no answer,"So for STEP THREE, I may be getting this but can you give me another hint?",C:\Nikki\ASU_Research\NRI_Project\System\NRI_Git_Hub\automated_system\Nico_V1\Nico\data\transcripts\nlubold_nicoresponse-2017-07-21_10-43-27-AM.txt
603,nlubold   ,7/21/2017 10:43,1,1,4,1,1,no answer,I tend to meander a bit. Can you repeat that?,C:\Nikki\ASU_Research\NRI_Project\System\NRI_Git_Hub\automated_system\Nico_V1\Nico\data\transcripts\nlubold_nicoresponse-2017-07-21_10-43-33-AM.txt
604,nlubold   ,7/21/2017 10:43,1,1,5,1,1,no answer,I like to listen and learn. Can you explain more?,C:\Nikki\ASU_Research\NRI_Project\System\NRI_Git_Hub\automated_system\Nico_V1\Nico\data\transcripts\nlubold_nicoresponse-2017-07-21_10-43-39-AM.txt
605,nlubold   ,7/21/2017 10:43,1,1,6,1,1,no answer,empty transcript,
606,nlubold   ,7/21/2017 10:43,1,1,7,1,1,no answer,empty transcript,
607,nlubold   ,7/21/2017 10:43,1,1,8,1,1,no answer,empty transcript,
608,nlubold   ,7/21/2017 10:43,1,1,9,1,1,no answer,empty transcript,
609,nlubold   ,7/21/2017 10:43,1,1,10,1,1,no answer,empty transcript,
610,nlubold   ,7/21/2017 10:43,1,1,11,1,1,no answer,empty transcript,
611,nlubold   ,7/21/2017 10:43,1,1,12,1,1,no answer,empty transcript,
612,nlubold   ,7/21/2017 10:43,1,1,13,1,1,no answer,empty transcript,
613,nlubold   ,7/21/2017 10:44,1,1,14,1,1,no answer,empty transcript,
